name,code,polymer_type,thickness_original_value,thickness_original_unit,thickness_micron,thickness_conversion_method,otr_original_value,otr_original_unit,otr_cc_m2_day_atm,otr_temperature_c,otr_relative_humidity,otr_test_method,otr_conversion_method,wvtr_original_value,wvtr_original_unit,wvtr_g_m2_day,wvtr_temperature_c,wvtr_relative_humidity,wvtr_test_method,wvtr_conversion_method,tensile_strength_mpa,is_biodegradable,biodegradation_standard,recyclability_code,cost_index_relative,carbon_footprint_kg_co2_per_kg,food_contact_certified,source_id,source_reference
Low-Density Polyethylene (LDPE 25um),LDPE-25,LDPE,25.0,um,25.0,identity,7800.0,cc/(m2*day*atm),7800.0,23.0,0%,ASTM D3985,identity,18.0,g/(m2*day),18.0,37.8,90%,ASTM F1249,identity,24.0,False,None,4,1.0,2.1,True,SRC-PKG-001,Table 3.2 & Table 3.4
Low-Density Polyethylene (LDPE 50um),LDPE-50,LDPE,50.0,um,50.0,identity,3900.0,cc/(m2*day*atm),3900.0,23.0,0%,ASTM D3985,identity,9.0,g/(m2*day),9.0,37.8,90%,ASTM F1249,identity,26.0,False,None,4,1.4,2.1,True,SRC-PKG-001,Table 3.2 & Table 3.4
High-Density Polyethylene (HDPE 25um),HDPE-25,HDPE,25.0,um,25.0,identity,2000.0,cc/(m2*day*atm),2000.0,23.0,0%,ASTM D3985,identity,4.5,g/(m2*day),4.5,37.8,90%,ASTM F1249,identity,38.0,False,None,2,1.15,1.9,True,SRC-PKG-001,Table 3.2 & Table 3.4
Biaxially Oriented Polypropylene (BOPP 20um),BOPP-20,PP,20.0,um,20.0,identity,1600.0,cc/(m2*day*atm),1600.0,23.0,0%,ASTM D3985,identity,4.2,g/(m2*day),4.2,37.8,90%,ASTM F1249,identity,140.0,False,None,5,1.25,1.95,True,SRC-PKG-001,Table 3.2 & Table 3.4
Biaxially Oriented Polypropylene (BOPP 30um),BOPP-30,PP,30.0,um,30.0,identity,1100.0,cc/(m2*day*atm),1100.0,23.0,0%,ASTM D3985,identity,3.0,g/(m2*day),3.0,37.8,90%,ASTM F1249,identity,155.0,False,None,5,1.45,1.95,True,SRC-PKG-001,Table 3.2 & Table 3.4
Polyethylene Terephthalate (BOPET 12um),PET-12,PET,12.0,um,12.0,identity,110.0,cc/(m2*day*atm),110.0,23.0,0%,ASTM D3985,identity,32.0,g/(m2*day),32.0,37.8,90%,ASTM F1249,identity,220.0,False,None,1,1.8,2.8,True,SRC-PKG-001,Table 3.2 & Table 3.4
Polyethylene Terephthalate (BOPET 25um),PET-25,PET,25.0,um,25.0,identity,55.0,cc/(m2*day*atm),55.0,23.0,0%,ASTM D3985,identity,15.5,g/(m2*day),15.5,37.8,90%,ASTM F1249,identity,210.0,False,None,1,2.1,2.8,True,SRC-PKG-001,Table 3.2 & Table 3.4
Ethylene Vinyl Alcohol Copolymer (EVOH 15um 32mol%),EVOH-15,EVOH,15.0,um,15.0,identity,0.5,cc/(m2*day*atm),0.5,23.0,0%,ASTM D3985,identity,45.0,g/(m2*day),45.0,37.8,90%,ASTM F1249,identity,85.0,False,None,7,4.8,3.6,True,SRC-PKG-001,Table 3.2 & Table 3.4
Poly(lactic acid) Blown Film (Ingeo 2003D 25um),PLA-25,PLA,25.0,um,25.0,identity,550.0,cc/(m2*day*atm),550.0,23.0,0%,ASTM D3985,identity,175.0,g/(m2*day),175.0,37.8,90%,ASTM F1249,identity,60.0,True,ASTM D6400 / EN 13432,7,2.2,0.85,True,SRC-PKG-003,TDS-Ingeo-2003D
Poly(lactic acid) Biaxially Oriented (Ingeo 4043D 40um),BOPLA-40,PLA,40.0,um,40.0,identity,330.0,cc/(m2*day*atm),330.0,23.0,0%,ASTM D3985,identity,110.0,g/(m2*day),110.0,37.8,90%,ASTM F1249,identity,115.0,True,ASTM D6400 / EN 13432,7,2.6,0.85,True,SRC-PKG-004,Table 4 (Auras et al.)
Polyhydroxyalkanoate Film (PHBV 30um),PHBV-30,PHA,30.0,um,30.0,identity,210.0,cc/(m2*day*atm),210.0,23.0,0%,ASTM D3985,identity,85.0,g/(m2*day),85.0,37.8,90%,ASTM F1249,identity,32.0,True,ASTM D6400 / Home Compost,7,3.5,0.72,True,SRC-PKG-005,Table 3 (Bugnicourt et al.)
Regenerated Cellulose Uncoated (NatureFlex NVS 20um),CELL-20,CELLULOSE,20.0,um,20.0,identity,15.0,cc/(m2*day*atm),15.0,23.0,0%,ASTM D3985,identity,380.0,g/(m2*day),380.0,37.8,90%,ASTM F1249,identity,70.0,True,EN 13432 / OK Compost HOME,7,2.8,0.95,True,SRC-PKG-006,TDS-NatureFlex-NVS
Regenerated Cellulose High Barrier Coated (NatureFlex NK 20um),CELL-NK-20,CELLULOSE,20.0,um,20.0,identity,10.0,cc/(m2*day*atm),10.0,23.0,0%,ASTM D3985,identity,12.0,g/(m2*day),12.0,37.8,90%,ASTM F1249,identity,65.0,True,EN 13432 / OK Compost HOME,7,3.4,0.98,True,SRC-PKG-006,TDS-NatureFlex-NK
Co-extruded High Barrier Laminate (PET/EVOH/PE 50um),LAMINATE-50,MULTI_LAYER_LAMINATE,50.0,um,50.0,identity,1.2,cc/(m2*day*atm),1.2,23.0,0%,ASTM D3985,identity,2.1,g/(m2*day),2.1,37.8,90%,ASTM F1249,identity,65.0,False,None,7,3.8,3.2,True,SRC-PKG-007,Chapter 8 (McKeen)
Kraft Paper Barrier Coated (Bio-Wax Laminate 45um),PAPER-45,PAPER_BARRIER,45.0,um,45.0,identity,850.0,cc/(m2*day*atm),850.0,23.0,0%,ASTM D3985,identity,22.0,g/(m2*day),22.0,37.8,90%,ASTM F1249,identity,45.0,True,Industrial Compostable,7,2.1,0.65,True,SRC-PKG-002,Section II (Massey)
