source_id,material_name,code,polymer_type,thickness_raw,thickness_unit_raw,otr_raw,otr_unit_raw,otr_temp_raw,otr_temp_unit_raw,otr_rh_raw,otr_test_method,wvtr_raw,wvtr_unit_raw,wvtr_temp_raw,wvtr_temp_unit_raw,wvtr_rh_raw,wvtr_test_method,tensile_strength_raw,tensile_strength_unit_raw,is_biodegradable,biodegradation_standard,recyclability_code,cost_index_relative,carbon_footprint_kg_co2_per_kg,food_contact_certified,table_or_section_ref
SRC-PKG-001,Low-Density Polyethylene (LDPE 25um),LDPE-25,LDPE,25,um,7800.0,cc/(m2*day*atm),23,C,0%,ASTM D3985,18.0,g/(m2*day),37.8,C,90%,ASTM F1249,24.0,MPa,False,None,4,1.0,2.1,True,Table 3.2 & Table 3.4
SRC-PKG-001,Low-Density Polyethylene (LDPE 50um),LDPE-50,LDPE,50,um,3900.0,cc/(m2*day*atm),23,C,0%,ASTM D3985,9.0,g/(m2*day),37.8,C,90%,ASTM F1249,26.0,MPa,False,None,4,1.4,2.1,True,Table 3.2 & Table 3.4
SRC-PKG-001,High-Density Polyethylene (HDPE 25um),HDPE-25,HDPE,25,um,2000.0,cc/(m2*day*atm),23,C,0%,ASTM D3985,4.5,g/(m2*day),37.8,C,90%,ASTM F1249,38.0,MPa,False,None,2,1.15,1.9,True,Table 3.2 & Table 3.4
SRC-PKG-001,Biaxially Oriented Polypropylene (BOPP 20um),BOPP-20,PP,20,um,1600.0,cc/(m2*day*atm),23,C,0%,ASTM D3985,4.2,g/(m2*day),37.8,C,90%,ASTM F1249,140.0,MPa,False,None,5,1.25,1.95,True,Table 3.2 & Table 3.4
SRC-PKG-001,Biaxially Oriented Polypropylene (BOPP 30um),BOPP-30,PP,30,um,1100.0,cc/(m2*day*atm),23,C,0%,ASTM D3985,3.0,g/(m2*day),37.8,C,90%,ASTM F1249,155.0,MPa,False,None,5,1.45,1.95,True,Table 3.2 & Table 3.4
SRC-PKG-001,Polyethylene Terephthalate (BOPET 12um),PET-12,PET,12,um,110.0,cc/(m2*day*atm),23,C,0%,ASTM D3985,32.0,g/(m2*day),37.8,C,90%,ASTM F1249,220.0,MPa,False,None,1,1.8,2.8,True,Table 3.2 & Table 3.4
SRC-PKG-001,Polyethylene Terephthalate (BOPET 25um),PET-25,PET,25,um,55.0,cc/(m2*day*atm),23,C,0%,ASTM D3985,15.5,g/(m2*day),37.8,C,90%,ASTM F1249,210.0,MPa,False,None,1,2.1,2.8,True,Table 3.2 & Table 3.4
SRC-PKG-001,Ethylene Vinyl Alcohol Copolymer (EVOH 15um 32mol%),EVOH-15,EVOH,15,um,0.5,cc/(m2*day*atm),23,C,0%,ASTM D3985,45.0,g/(m2*day),37.8,C,90%,ASTM F1249,85.0,MPa,False,None,7,4.8,3.6,True,Table 3.2 & Table 3.4
SRC-PKG-003,Poly(lactic acid) Blown Film (Ingeo 2003D 25um),PLA-25,PLA,25,um,550.0,cc/(m2*day*atm),23,C,0%,ASTM D3985,175.0,g/(m2*day),37.8,C,90%,ASTM F1249,60.0,MPa,True,ASTM D6400 / EN 13432,7,2.2,0.85,True,TDS-Ingeo-2003D
SRC-PKG-004,Poly(lactic acid) Biaxially Oriented (Ingeo 4043D 40um),BOPLA-40,PLA,40,um,330.0,cc/(m2*day*atm),23,C,0%,ASTM D3985,110.0,g/(m2*day),37.8,C,90%,ASTM F1249,115.0,MPa,True,ASTM D6400 / EN 13432,7,2.6,0.85,True,Table 4 (Auras et al.)
SRC-PKG-005,Polyhydroxyalkanoate Film (PHBV 30um),PHBV-30,PHA,30,um,210.0,cc/(m2*day*atm),23,C,0%,ASTM D3985,85.0,g/(m2*day),37.8,C,90%,ASTM F1249,32.0,MPa,True,ASTM D6400 / Home Compost,7,3.5,0.72,True,Table 3 (Bugnicourt et al.)
SRC-PKG-006,Regenerated Cellulose Uncoated (NatureFlex NVS 20um),CELL-20,CELLULOSE,20,um,15.0,cc/(m2*day*atm),23,C,0%,ASTM D3985,380.0,g/(m2*day),37.8,C,90%,ASTM F1249,70.0,MPa,True,EN 13432 / OK Compost HOME,7,2.8,0.95,True,TDS-NatureFlex-NVS
SRC-PKG-006,Regenerated Cellulose High Barrier Coated (NatureFlex NK 20um),CELL-NK-20,CELLULOSE,20,um,10.0,cc/(m2*day*atm),23,C,0%,ASTM D3985,12.0,g/(m2*day),37.8,C,90%,ASTM F1249,65.0,MPa,True,EN 13432 / OK Compost HOME,7,3.4,0.98,True,TDS-NatureFlex-NK
SRC-PKG-007,Co-extruded High Barrier Laminate (PET/EVOH/PE 50um),LAMINATE-50,MULTI_LAYER_LAMINATE,50,um,1.2,cc/(m2*day*atm),23,C,0%,ASTM D3985,2.1,g/(m2*day),37.8,C,90%,ASTM F1249,65.0,MPa,False,None,7,3.8,3.2,True,Chapter 8 (McKeen)
SRC-PKG-002,Kraft Paper Barrier Coated (Bio-Wax Laminate 45um),PAPER-45,PAPER_BARRIER,45,um,850.0,cc/(m2*day*atm),23,C,0%,ASTM D3985,22.0,g/(m2*day),37.8,C,90%,ASTM F1249,45.0,MPa,True,Industrial Compostable,7,2.1,0.65,True,Section II (Massey)
